% Model,WS240516_2D+2DAS_STREED_explicit_heating_v28_IMPROVED.mph
% Version,COMSOL 6.2.0.290
% Date,"May 17 2024, 08:13"
% Table,Study 1.2 - Matching Condition CSV - 
% 0 I_in (W/m^2),1 P_in (W),2 V_ratio (1),3 SWP (kg/kWh),4 Q_feed (W/m^2),5 Q_air (W/m^2),6 P_feed (W),7 P_air (W),8 T_max (degC)
999.9938100606179,439.42,100,0.29963455765291636,863088.9076101874,9.487940145715864,711.1852598707944,0.003326385520256727,73.35810448316084
999.9938100606179,439.42,102,0.3074572588065923,863343.2911522188,11.820725469923143,711.3948719094283,0.0041442388377456955,73.45517073040162
999.9938100606179,439.42,104,0.31538449131003393,863594.9318198037,14.773578948071835,711.6022238195181,0.005179482410354935,73.5534483645626
999.9938100606179,439.42,106,0.32341226298603115,863844.7688179625,18.384821096616093,711.8080895060011,0.006445551062620034,73.65261803373221
999.9938100606179,439.42,108,0.3315428207968481,864093.7763949676,22.855200637009354,712.0132717494532,0.008012825470430298,73.75268498577958
999.9938100606179,439.42,110,0.33977829975321283,864341.6990510662,28.229748215698535,712.2175600180785,0.009897092968866721,73.85367679715324
999.9938100606179,439.42,112,0.34812099842047084,864588.4793674023,34.646916227313426,712.4209069987395,0.012146893708232565,73.95561812924319
999.9938100606179,439.42,114,0.35657341885236643,864834.19668101,42.23166825893544,712.6233780651522,0.014806038785588203,74.05853898811785
999.9938100606179,439.42,116,0.3651381450489487,865078.8563570215,51.14424782817804,712.8249776381857,0.017930708120760076,74.16246892694954
999.9938100606179,439.42,118,0.37381783635200483,865322.446243148,61.5925553635316,713.0256957043539,0.02159378971307835,74.26743701108438
999.9938100606179,439.42,119.99999999999999,0.3826150828277488,865564.9443443693,73.76353861823627,713.2255141397603,0.025860825744499483,74.37347139476304
999.9938100606179,439.42,121.99999999999999,0.3915326924797077,865806.3152959942,87.84411095191592,713.4244038038992,0.0307973463388909,74.48060197130764
999.9938100606179,439.42,124,0.40057360966344185,866046.6452152863,104.06305281873857,713.6224356573958,0.03648355984267707,74.58886006641762
999.9938100606179,439.42,126,0.40974086553645817,866285.9280569538,122.65089865858177,713.8196047189299,0.04300028953371936,74.69827795671841
999.9938100606179,439.42,128,0.4190375686060528,866524.0577421482,143.83218437665099,714.0158235795301,0.05042625565818104,74.80888688177652
999.9938100606179,439.42,130,0.42846706228333975,866761.0306656442,167.81868623821305,714.2110892684908,0.05883570504851455,74.92072157242819
999.9938100606179,439.42,132,0.4380328531791038,866996.8546745081,194.8217334075356,714.4054082517946,0.06830272778762847,75.03381929593957
999.9938100606179,439.42,134,0.4477380944438496,867231.3806977982,225.35749946244061,714.5986576949857,0.07900828963719884,75.14821213200003
999.9938100606179,439.42,136,0.4575855348267978,867464.3033597328,260.3714439894251,714.7905859684198,0.09128386012909571,75.26392888890513
999.9938100606179,439.42,138,0.4675793036287302,867695.6433878641,299.90117939269385,714.9812101516,0.1051426258301405,75.38100985069985
999.9938100606179,439.42,140,0.47772328766252947,867925.3628473827,344.2367451511496,715.1704989862433,0.12068627194366581,75.49949402157364
999.9938100606179,439.42,142,0.4880215372350707,868153.4631999148,393.7530711357126,715.3584536767297,0.13804624547234948,75.61942488920675
999.9938100606179,439.42,144,0.49847815490118985,868379.8033912726,448.9551275768376,715.5449579944086,0.15739958438617735,75.74084208994327
999.9938100606179,439.42,146,0.5090972418544133,868604.0786711745,510.3196856061198,715.7297608250477,0.17891344030755205,75.86378422972501
999.9938100606179,439.42,148,0.5198832334482186,868826.2830432296,578.3683683013395,715.9128572276212,0.20277068954327063,75.98829664495804
999.9938100606179,439.42,150,0.5308405246026506,869046.3628647657,653.6192600091554,716.094203000567,0.2291529677531844,76.11442144903674
999.9938100606179,439.42,152,0.5419740236071097,869264.1395575651,736.6630212557125,716.2736509954336,0.25826735514557686,76.24220699921312
999.9938100606179,439.42,154,0.5532886143908528,869479.7237785583,828.0796304430695,716.4512923935321,0.29031718687318303,76.37170011393061
999.9938100606179,439.42,156,0.5647892479224659,869692.5238400653,928.5165521205048,716.6266396442138,0.3255294581181522,76.50294861769879
999.9938100606179,439.42,158,0.5764813489116573,869902.1873011388,1038.6067347128103,716.7994023361383,0.3641260748414162,76.63600468993286
999.9938100606179,439.42,160,0.5883697565643263,870108.6233252276,1159.0718881358237,716.9695056199876,0.4063600619753625,76.7709152869507
999.9938100606179,439.42,162,0.6004603318923012,870311.6698134162,1290.6169747248944,717.1368159262549,0.45247857290298255,76.9077315254874
999.9938100606179,439.42,164,0.6127593702838592,870511.2804261048,1434.030935257798,717.3012950711103,0.5027582030853806,77.04651649656284
999.9938100606179,439.42,166,0.6252730055687855,870707.190810944,1590.0794992998315,717.4627252282178,0.5574674103436763,77.18732708414115
999.9938100606179,439.42,168,0.6380079576324346,870899.0787887182,1759.6292335445767,717.6208409219038,0.6169100050790316,77.33022746727727
999.9938100606179,439.42,170,0.6509692741623861,871086.8263967265,1943.5216024734916,717.7755449509026,0.6813809970853475,77.47526100501238
999.9938100606179,439.42,172,0.664164739909761,871269.8664107877,2142.7086092172467,717.926369922489,0.7512141500015662,77.62250223071834
999.9938100606179,439.42,174,0.6776016222638926,871447.8585217341,2358.129900841077,718.0730354219089,0.8267388955424694,77.77201872909961
999.9938100606179,439.42,176,0.6912862198085702,871620.7262609755,2590.779617003895,718.2154784390437,0.9083037700305605,77.92386490154172
999.9938100606179,439.42,178,0.7052268212196209,871787.9699768038,2841.7076209948377,718.3532872608863,0.9962768459862812,78.07811812228289
999.9938100606179,439.42,180,0.7194310104208846,871949.2569779019,3112.0169098968604,718.4861877497912,1.0910448241549229,78.23484715603757
999.9938100606179,439.42,182,0.7339076185501109,872104.0445136365,3402.8784812542485,718.6137326792365,1.1930182456250407,78.39413429437406
999.9938100606179,439.42,184,0.7486650312303958,872252.3423725906,3715.4468342522864,718.7359301150146,1.30260186731058,78.556054098157
999.9938100606179,439.42,186,0.7637107183663051,872393.4657742032,4050.999509839557,718.8522157979434,1.4202435834486073,78.72067078153106
999.9938100606179,439.42,188,0.7790541801028801,872527.0210856255,4410.842168548186,718.9622653745554,1.5464011467464263,78.88806893122393
999.9938100606179,439.42,190,0.794704875686672,872652.4754587801,4796.397003648337,719.0656397780348,1.6815731652294061,79.05833303156976
999.9938100606179,439.42,192,0.8106723753236549,872769.3205413854,5209.056698916111,719.1619201261016,1.8262479011626933,79.23154596236873
999.9938100606179,439.42,194,0.8269670514211933,872877.1321564099,5650.3313844910335,719.2507568968817,1.980954792438251,79.40780005123582
999.9938100606179,439.42,196,0.8435981426351684,872975.2591181721,6121.822113093459,719.3316135133738,2.1462551535779206,79.58717415786356
999.9938100606179,439.42,198,0.8605761287432421,873063.0658258068,6625.186391431781,719.4039662404648,2.3227300913582893,79.76975595994747
999.9938100606179,439.42,200,0.8779121124547934,873140.0550982092,7162.1630400367785,719.4674054009243,2.5109892204425064,79.95564432855218
999.9938100606179,439.42,202,0.8956175621659251,873205.4553594028,7734.520410586491,719.5212952161479,2.7116525088453582,80.1449370998784
999.9938100606179,439.42,204,0.9137036541296951,873258.5956975174,8344.20993533172,719.5650828547543,2.925404110965285,80.33772802236217
999.9938100606179,439.42,206,0.9321808397585701,873298.8278848215,8993.237459887028,719.5982341770929,3.1529472580311597,80.53410142034414
999.9938100606179,439.42,208,0.9510618411454823,873325.3881806445,9683.706971166976,719.620119860851,3.39501958871902,80.73416641363951
999.9938100606179,439.42,210,0.9703586392760586,873337.2633105486,10417.795142050369,719.629904967892,3.652384224742873,80.9380187628841
999.9938100606179,439.42,212,0.9900824195090305,873333.7082373217,11197.842325382982,719.626975587553,3.9258616725244404,81.14574672280344
999.9938100606179,439.42,214,1.0102441302909562,873313.7318240241,12026.252395548092,719.6105150229959,4.216294708558752,81.35743454136195
999.9938100606179,439.42,216,1.0308571136407774,873276.4128796067,12905.54677652298,719.5797642127959,4.524567321159354,81.57319096100821
999.9938100606179,439.42,218,1.0519333543618423,873220.6450986041,13838.412857971067,719.5338115612498,4.851621684699863,81.79310957329005
999.9938100606179,439.42,220,1.0734903939123062,873145.4171734614,14827.7371263708,719.4718237509321,5.198469775086415,82.01733898976488
999.9938100606179,439.42,222,1.0955377795269632,873049.5105918504,15876.395470457266,719.3927967276846,5.5661198527527125,82.24594021553071
999.9938100606179,439.42,224,1.1180886543575692,872931.700222715,16987.52432220804,719.2957209835172,5.955671522223577,82.47901261058968
999.9938100606179,439.42,226,1.1411527445505363,872790.7260123958,18164.36648857594,719.1795582342141,6.368261682122649,82.71661869784697
999.9938100606179,439.42,228,1.1647422993932732,872625.1760595839,19410.249780939717,719.0431450730971,6.80505703285217,82.95884375694408
999.9938100606179,439.42,230,1.1888683164802631,872433.6307241082,20728.70804878863,718.8853117166651,7.267296509901957,83.20576350936608
999.9938100606179,439.42,232,1.2135417143690406,872214.5053214716,22123.468759484673,718.7047523848926,7.756286929427021,83.4574456130668
999.9938100606179,439.42,234,1.2387721728541583,871966.2053578732,23598.468173391222,718.5001532148875,8.273408308509637,83.71394485513667
999.9938100606179,439.42,236,1.2645682533917142,871687.0025316104,25157.71066513301,718.2700900860469,8.820064544472599,83.97530489878744
999.9938100606179,439.42,237.99999999999997,1.2909363066370345,871375.0491372071,26805.349381043503,718.0130404890587,9.39771169264667,84.24153969030738
999.9938100606179,439.42,239.99999999999997,1.3178838644863344,871028.5108205362,28545.7753547154,717.7274929161218,10.007889209472067,84.51268927912434
999.9938100606179,439.42,241.99999999999997,1.3454201609492817,870645.4936974125,30383.743118973765,717.4118868066679,10.652263990913776,84.78879498324909
999.9938100606179,439.42,243.99999999999997,1.373544957455173,870223.9838929818,32323.7722581997,717.0645627278169,11.332420562149224,85.06980822141145
999.9938100606179,439.42,246,1.4022560769748493,869761.6962922674,34370.730539921155,716.6836377448283,12.050065518200336,85.35565713265703
999.9938100606179,439.42,248,1.4315565299849526,869256.4614800973,36529.88305977218,716.2673242596002,12.807044753709244,85.64632280106969
999.9938100606179,439.42,250,1.4614407633145479,868705.9910376967,38806.191447071105,715.8137366150621,13.605097770787882,85.94170370131354
999.9938100606179,439.42,252,1.4919001558640783,868108.0767053403,41204.64169624753,715.3210552052004,14.44597261373459,86.2416658641344
999.9938100606179,439.42,254,1.5229234898466102,867460.2782463572,43730.53455628678,714.7872692749984,15.331527676932186,86.54605392935292
999.9938100606179,439.42,256,1.5544961297160607,866760.064674319,46389.410398984,714.2102932916388,16.263705364341188,86.8546793391389
999.9938100606179,439.42,258,1.5866002965820942,866005.0149462678,49186.52835235381,713.5881323157247,17.244349478410633,87.16732605220432
999.9938100606179,439.42,260,1.6192145129394873,865192.7109742714,52126.94082611293,712.9187938427996,18.275231348034467,87.48374368384441
999.9938100606179,439.42,262,1.6523112997448117,864320.6668904652,55215.783181468374,712.2002295177433,19.358151384144666,87.8036245130175
999.9938100606179,439.42,264,1.6858608760197982,863386.3866202307,58458.45179108587,711.4303825750701,20.49500150591668,88.1266354397988
999.9938100606179,439.42,266,1.7198268843609683,862387.4140227797,61859.84981341822,710.6072291547704,21.687500716108794,88.45239214363033
999.9938100606179,439.42,268,1.754168509254241,861321.6233093094,65424.23568946903,709.7290176068709,22.93714198540544,88.78048901560953
999.9938100606179,439.42,270,1.7888408635353066,860186.6862003517,69156.31568742808,708.7938294290898,24.245575288629453,89.11046022830078
999.9938100606179,439.42,272,1.823794992330372,858980.5093470739,73060.22458569221,707.7999397019888,25.614250241480075,89.44181381517694
999.9938100606179,439.42,274,1.8589758556820533,857701.1898826942,77139.44340225069,706.74578046334,27.04438725720375,89.77402164083401
999.9938100606179,439.42,276,1.8943271703472229,856347.1331880505,81396.90088136563,705.6300377469536,28.53701312690121,90.1065337158688
999.9938100606179,439.42,278,1.9297858025448502,854916.7985827896,85835.1763327735,704.4514420322187,30.093032133106707,90.43875152532024
999.9938100606179,439.42,280,1.9652871722192413,853408.954530111,90456.20735031694,703.2089785328114,31.713123578598637,90.77006846989349
999.9938100606179,439.42,282,2.0007641713017823,851822.8078121574,95261.09122110147,701.9019936372177,33.397672162256136,91.09987033099986
999.9938100606179,439.42,284,2.036148862872455,850157.7339553064,100250.30185934789,700.5299727791725,35.14684403409466,91.42752414441514
999.9938100606179,439.42,286,2.0713628315886345,848412.9171853088,105423.44807575445,699.0922437606944,36.96050204670297,91.75232676447081
999.9938100606179,439.42,288,2.106339090192168,846589.0434800962,110779.2496543435,697.5893718275992,38.838197368003144,92.07373179194451
999.9938100606179,439.42,290,2.1410117176227295,844686.4425468971,116316.38388905408,696.0216286586432,40.77946626928049,92.39111440092091
999.9938100606179,439.42,292,2.1753104559548593,842705.6911687882,122032.67991174509,694.3894895230815,42.78354766390925,92.7038550085116
999.9938100606179,439.42,294,2.209171489070018,840647.907701447,127924.9717877693,692.6938759459923,44.849331603996966,93.01139080898872
999.9938100606179,439.42,296,2.242526506015049,838514.555033633,133988.8426885071,690.9359933477136,46.97526958960158,93.31316998207512
999.9938100606179,439.42,298,2.2753147069392137,836307.4118697258,140219.71581887707,689.117307380654,49.159757037994474,93.60868760940104
999.9938100606179,439.42,300,2.3074792610416064,834028.5063798577,146612.30123366925,687.2394892570027,51.40093934249822,93.89748101752213
999.9938100606179,439.42,302,2.3389675329793165,831680.0973884915,153160.72430276257,685.304400248117,53.69675691122337,94.17912963670312
999.9938100606179,439.42,304,2.3697340832453637,829264.757472554,159858.85948231633,683.3141601573844,56.0450621842125,94.45328634046558
999.9938100606179,439.42,306,2.399736375763804,826785.3217780184,166699.92317410352,681.2711051450871,58.44347689362549,94.71965159275805
999.9938100606179,439.42,308,2.428938724032579,824244.5037947398,173677.04859162483,679.1774711268656,60.88959360657056,94.97794089869603
999.9938100606179,439.42,310,2.45730751320198,821645.1102246864,180782.72884921124,677.0355708251416,63.380780477208866,95.22792013242577
999.9938100606179,439.42,312,2.48481741760827,818990.4105613782,188009.5731944355,674.8480983025756,65.9144463749599,95.46943903412159
999.9938100606179,439.42,314,2.5114510513612083,816283.502002093,195350.2984708167,672.6176056497246,68.48803789140328,95.70237657051575
999.9938100606179,439.42,316,2.537192841846235,813527.563264389,202797.3024494816,670.3467121298565,71.09888975423995,95.92665223236645
999.9938100606179,439.42,318,2.562031354405251,810725.7534301426,210342.92659985588,668.0380208264376,73.74431695230653,96.14224214716364
999.9938100606179,439.42,320,2.585964233365224,807881.1436045492,217980.1556198604,665.6940623301485,76.42185998449972,96.34917000480846
999.9938100606179,439.42,322,2.6090176772363667,804998.2685553553,225701.3955138631,663.3185732896127,79.12885646501992,96.54781072538799
999.9938100606179,439.42,324,2.631143329182698,802078.6370867222,233500.3045940754,660.912796959459,81.86308305580745,96.7376429610913
999.9938100606179,439.42,326,2.652350771001158,799125.9895772834,241366.13530053943,658.4798154116814,84.62077176009244,96.91886835288005
999.9938100606179,439.42,328,2.6726592341418587,796143.3324545715,249293.83837139624,656.0221059425669,87.40015235259123,97.09171312160112
999.9938100606179,439.42,330,2.6920823878134295,793133.4184223166,257277.12254385898,653.5419367799888,90.19901917379114,97.25633857718805
999.9938100606179,439.42,332,2.710634546569595,790098.9784546723,265309.74463163404,651.04155824665,93.01518341936074,97.4129149849075
999.9938100606179,439.42,334,2.7283304958845536,787042.6517846688,273385.5437303866,648.523145070567,95.84648513227495,97.56162562609836
999.9938100606179,439.42,336,2.7451881986253057,783966.9094074251,281498.9105484294,645.9887333517182,98.69095774588594,97.7026677426395
999.9938100606179,439.42,338,2.761225455125454,780874.2156776453,289644.17173675477,643.4403537183797,101.54661223563191,97.83623348080948
999.9938100606179,439.42,340,2.7764631871086687,777766.9504225254,297816.2931595685,640.8799671481609,104.41168367928996,97.96254050862132
999.9938100606179,439.42,342,2.7909210849079984,774647.3018339168,306010.1827829043,638.3093767111475,107.28438685606466,98.08179361350375
999.9938100606179,439.42,344,2.804615579001993,771517.1628086307,314220.35510842496,635.7301421543117,110.16279860013071,98.19417080776185
999.9938100606179,439.42,346,2.8175739361562346,768378.6011442187,322443.2731279416,633.1439673428362,113.04567886858698,98.29993458998081
999.9938100606179,439.42,348,2.8298160792440803,765233.4824548993,330674.36653257284,630.5523895428371,115.93142535270755,98.39928292215455
999.9938100606179,439.42,350,2.8413651541922498,762083.5381897298,338910.0133557241,627.9568354683373,118.81876822394693,98.49244948897558
999.9938100606179,439.42,352,2.8522428167504064,758930.2527022053,347146.6286922732,625.3585282266172,121.70645064717478,98.57963874683185
999.9938100606179,439.42,354,2.862469690755457,755775.1821041341,355380.60181433277,622.7587500538065,124.59320673403407,98.66104829486608
999.9938100606179,439.42,356,2.8720676096978583,752619.7924738171,363608.64340387814,620.1587089984253,127.47788327954244,98.736887716524
999.9938100606179,439.42,358,2.8810579893517723,749465.3711507054,371827.778584241,617.5594658281813,130.35943731899712,98.8073602127543
999.9938100606179,439.42,360,2.88946225500752,746313.1913703054,380035.33541226626,614.9620696891316,133.2369320934298,98.87266952668193
999.9938100606179,439.42,362,2.8973015332604994,743164.4286509145,388228.6637908371,612.3674892083535,136.10943850289453,98.9330138357372
999.9938100606179,439.42,364,2.904594930247668,740020.1740795606,396405.19442345883,609.7766234415578,138.97605577540858,98.98857068993601
999.9938100606179,439.42,366,2.9113616629124404,736881.4383774223,404562.6204326573,607.1903052229959,141.835975140711,99.03951826386606
999.9938100606179,439.42,368,2.9176201617223687,733749.0885935498,412698.6085873682,604.609249001085,144.688378589212,99.08602484473687
999.9938100606179,439.42,370,2.923396548731853,730624.1997366863,420811.90668531146,602.0343405830295,147.53282711018107,99.1283501607262
999.9938100606179,439.42,372,2.928705881166276,727507.4803017654,428900.54266120127,599.4661637686546,150.36862931546548,99.16662229116122
999.9938100606179,439.42,374,2.9335632764032233,724399.6206272896,436962.7735582026,596.9052873968866,153.1951741402514,99.20097445633917
999.9938100606179,439.42,376,2.9379853649729823,721301.329819389,444997.0173906853,594.3522957711765,156.01190695476535,99.23155662089607
999.9938100606179,439.42,378,2.9419879167895715,718213.2729785859,453001.76075634686,591.8077369343548,158.81829717392486,99.25851136490132
999.9938100606179,439.42,380,2.9455876318793157,715136.0114577231,460975.8216577998,589.2720734411638,161.61393040019635,99.28199016541862
999.9938100606179,439.42,382,2.9488011792651707,712070.0067195133,468918.21057295904,586.7456855368789,164.3984597161367,99.30214252451316
999.9938100606179,439.42,384,2.9516537401995393,709016.3527198776,476828.7322926664,584.2294746411791,167.17181668319054,99.31924215097433
999.9938100606179,439.42,386,2.9541561765769644,705975.2625876534,484706.08369941707,581.7236163722264,169.9335444402128,99.33336957138374
999.9938100606179,439.42,388,2.956316464765614,702946.9001838772,492548.8466457366,579.2282457515148,172.68314579759732,99.34457363936428
999.9938100606179,439.42,390,2.9581471293192267,699931.6253585194,500356.13365726627,576.74365929542,175.42030961490565,99.35296167763556
999.9938100606179,439.42,392,2.9596607499486374,696929.7889105382,508127.13374506787,574.2701460622834,178.14475156679222,99.35864398572363
999.9938100606179,439.42,394,2.9608695293044787,693941.769794104,515860.9191381179,571.8080183103417,180.85614638517444,99.36172694713866
999.9938100606179,439.42,396,2.961784771169904,690967.867106919,523556.8277845425,569.3575224961012,183.55426196068683,99.36231063431967
999.9938100606179,439.42,398,2.9624178134861423,688008.2850476308,531214.4796338539,566.9188268792477,186.23896505108505,99.36049518552409
999.9938100606179,439.42,400,2.9627801276452983,685063.291724139,538833.3553607604,564.4921523806905,188.91007358564514,99.35638216558903
999.9938100606179,439.42,402,2.9628832540378696,682133.1261385928,546413.1531291433,562.0776959382005,191.56748174336923,99.3500767588834
999.9938100606179,439.42,404,2.9627370286185735,679217.9434283214,553953.9091915493,559.6755853849368,194.2112022340704,99.34166465254793
999.9938100606179,439.42,406,2.9623477830210474,676317.8149589329,561454.6504156208,557.2858795261607,196.84089388639498,99.3311869962971
999.9938100606179,439.42,408,2.961728070996667,673432.9076576061,568915.3866859195,554.9087159098674,199.45656016578036,99.31876377121523
999.9938100606179,439.42,410,2.9608870501370887,670563.4108312356,576335.723298451,552.5442505249381,202.05806269259605,99.30447519673169
999.9938100606179,439.42,412,2.959833402071436,667709.4174865073,583715.4753205596,550.192560008882,204.6453366311349,99.28839687698587
999.9938100606179,439.42,414,2.9585754093470897,664871.1019516313,591054.3850813338,547.8537880081441,207.21829164431898,99.2706033108471
999.9938100606179,439.42,416,2.957122100299761,662048.5731664528,598352.288953606,545.5280242891571,209.77687036595154,99.25117379961944
999.9938100606179,439.42,418,2.9554809696226934,659241.9204255859,605609.0193860582,543.2153424306828,212.32101405406436,99.23017263824869
999.9938100606179,439.42,420,2.953659697505258,656451.2189559656,612824.4503137701,540.9158044197156,214.850678511443,99.20766626568843
999.9938100606179,439.42,422,2.9516650526529324,653676.4135016608,619998.745406031,538.6293647253685,217.3659211190517,99.18371256399774
999.9938100606179,439.42,424,2.9495045664613717,650917.5000367555,627131.9067298181,536.3560200302865,219.86674260155382,99.15837576247134
999.9938100606179,439.42,426,2.9471844793349247,648174.5820180854,634223.7905863405,534.0958555829023,222.35309257946028,99.13170957467713
999.9938100606179,439.42,428,2.9447114662081355,645447.6031408777,641274.6213508421,531.8488249880832,224.82504971669087,99.10377260715688
999.9938100606179,439.42,430,2.9420862008003623,642736.5323459703,648284.1095447531,529.6149026530795,227.28251252469184,99.074555648525
999.9938100606179,439.42,432,2.9393227075964194,640041.6196061715,655252.7400373344,527.3942945554853,229.7256509942161,99.0442104372712
999.9938100606179,439.42,434,2.93642467618527,637362.7886043852,662180.2824325714,525.1869378100134,232.1543843505164,99.01275874495241
999.9938100606179,439.42,436,2.933397365537735,634700.0373362313,669066.6706668095,522.9928307650546,234.56868943227636,98.98024060810326
999.9938100606179,439.42,438,2.9302445414988907,632053.3698380361,675911.9405012822,520.8119767465417,236.96857877705912,98.94668714129256
999.9938100606179,439.42,440,2.9269720340150784,629422.7827304881,682716.2258360113,518.6443729699222,239.35409932899452,98.91215097369201
999.9938100606179,439.42,442,2.92358603996104,626808.325635189,689479.8287651497,516.4900603233957,241.7253569995449,98.87668868062514
999.9938100606179,439.42,444,2.920094043707807,624210.0362613061,696202.9241346684,514.3490698793163,244.08241308811753,98.84037666482209
999.9938100606179,439.42,446,2.916525713255538,621628.8473844413,702888.3905046899,512.2221702447796,246.42627679171014,98.80356698836226
999.9938100606179,439.42,448,2.9129147242550086,619065.6863913283,709538.7120181713,510.11012558645456,248.75781902824977,98.7666561257127
999.9938100606179,439.42,450,2.9091694495855127,616516.9440770601,716143.4230855025,508.00996191949747,251.0733706572058,98.72846864657367
999.9938100606179,439.42,452,2.905220008453541,613979.8817975835,722698.2127855798,505.9194226012088,253.3714203088481,98.68811460930795
999.9938100606179,439.42,454,2.9011530975663598,611457.5201044584,729211.680110932,503.8409965660737,255.6549827117475,98.64668733540935
999.9938100606179,439.42,456,2.8970633333273867,608953.2230174547,735691.5062823005,501.7774557663827,257.9267508320337,98.60538545342598
999.9938100606179,439.42,458,2.8929093527062832,606465.1866239373,742132.6228816521,499.72731377812437,260.1849477284425,98.56365214760973
999.9938100606179,439.42,460,2.8886743639862833,603992.577535043,748534.1191706796,497.68988388887544,262.4292541044069,98.521252516564
999.9938100606179,439.42,462,2.884363370569067,601535.4659586947,754896.3776655565,495.6652239499644,264.6598040666181,98.47823780152498
999.9938100606179,439.42,464,2.8799801158109846,599093.7878570508,761219.4616980302,493.6532811942098,266.87661981861083,98.43464127553267
999.9938100606179,439.42,466,2.875527461272002,596667.4365856532,767503.6789736041,491.65396774657825,269.0798092391359,98.39048526226975
999.9938100606179,439.42,468,2.87100820556972,594256.2731473293,773749.2381042871,489.66716907339935,271.26944546566625,98.34579237645437
999.9938100606179,439.42,470,2.866425389191369,591860.2636314599,779956.3108120669,487.6928572323229,273.4455887023689,98.30058686544947
999.9938100606179,439.42,472,2.861782030520074,589479.2576807899,786125.3460675379,485.7309083289709,275.60839635425083,98.25489418317488
999.9938100606179,439.42,473.99999999999994,2.85708111194084,587113.1422359527,792256.5910003408,483.781229202425,277.75795506271635,98.2087407917819
999.9938100606179,439.42,475.99999999999994,2.852325260735098,584761.9295778911,798350.1205163357,481.8438299721823,279.8942910890787,98.16214938326817
999.9938100606179,439.42,477.99999999999994,2.8475165269757468,582425.4754836442,804406.2515589579,479.91859179852275,282.01751555082365,98.11513633753611
999.9938100606179,439.42,479.99999999999994,2.842656655353759,580103.7400858628,810425.0138259296,478.00548183075097,284.1276388597025,98.06771486939846
999.9938100606179,439.42,481.99999999999994,2.8377475709806252,577796.6918630863,816406.5133738375,476.1044740951831,286.22469819818986,98.01990017174347
999.9938100606179,439.42,483.99999999999994,2.8327921018960587,575504.1742835655,822351.24192466,474.21543960965795,288.30886595953916,97.97171639046945
999.9938100606179,439.42,485.99999999999994,2.827793836912696,573226.2172807163,828260.0368219247,472.3384030393102,290.38043570877534,97.92319364773681
999.9938100606179,439.42,487.99999999999994,2.822751317963741,570962.5986529716,834131.8175774808,470.47318129004856,292.4390286365799,97.87431890513886
999.9938100606179,439.42,490,2.8176649896596975,568713.1711178315,839965.9067953426,468.6196530010931,294.4844072540814,97.82509496091848
999.9938100606179,439.42,492,2.812543411400927,566478.03846817,845764.40086375,466.77790369777205,296.51730653592966,97.7755930598168
999.9938100606179,439.42,494,2.807386413634098,564257.0538762221,851527.5840138464,464.94781239400703,298.5378261309783,97.72581318016313
999.9938100606179,439.42,496,2.802198189162592,562050.1878466355,857255.2953934047,463.1293547856276,300.5459096458997,97.67580619097839
999.9938100606179,439.42,498,2.7969791846954015,559857.2385442005,862947.9640677775,461.32236456042125,302.54170750710387,97.62556994065818
999.9938100606179,439.42,500,2.791729827874494,557678.1375372183,868605.8159005943,459.52678533066785,304.525298900325,97.57510503765252
999.9938100606179,439.42,502,2.78645194512837,555512.8822902708,874229.0112119545,457.7426150071831,306.49674003233196,97.52442831359872
999.9938100606179,439.42,504,2.781146926361964,553361.2667092409,879817.8677438484,455.9696837684144,308.4561423005765,97.47354812480785
999.9938100606179,439.42,506,2.7758162917022533,551223.2629455471,885372.6043552567,454.2079686671308,310.4035824350267,97.42247383808797
999.9938100606179,439.42,508,2.7704601761746455,549098.6943630445,890893.2433611859,452.4573241551486,312.33906825912095,97.37120520768002
999.9938100606179,439.42,510,2.765080333021787,546987.5086404949,896380.1738488475,450.7177071197678,314.2627361832967,97.31975695777624
999.9938100606179,439.42,512,2.7596730332220676,544889.3886613387,901833.114011147,448.9888562569431,316.1744874085496,97.26807506079456
999.9938100606179,439.42,514,2.7542420735465254,542804.3936896375,907252.5525727492,447.2708204002613,318.07449327730234,97.2161963721133
999.9938100606179,439.42,516,2.748795974576527,540732.6618863948,912639.3456302114,445.5637133943893,319.96305392922136,97.16422344134025
999.9938100606179,439.42,518,2.743338141929068,538674.1591677333,917993.7489581192,443.8675071542122,321.8402590365501,97.11219379995214
999.9938100606179,439.42,520,2.73785499039009,536628.2910269137,923314.401259128,442.18171180617685,323.7056313408208,97.05993443186173
999.9938100606179,439.42,522,2.7323509376580093,534595.088668003,928602.511437276,440.5063530624344,325.559594672794,97.00749920134245
999.9938100606179,439.42,524,2.7268345174688813,532574.7176562494,933859.1232083106,438.8415673487495,327.4025149497179,96.9549880217582
999.9938100606179,439.42,526,2.721308137813817,530567.1501072175,939084.1974046399,437.1873316883472,329.23437843979116,96.90242256912211
999.9938100606179,439.42,528,2.715768088290414,528572.0358952648,944277.1950556964,435.5433575776982,331.0549961848347,96.84975643127535
999.9938100606179,439.42,530,2.7102146897485713,526589.3319344927,949439.0055347512,433.90960951402195,332.8646799910284,96.79698547963301
999.9938100606179,439.42,532,2.7046497625585073,524618.7563740342,954569.6853426108,432.28585525220416,334.66344966704116,96.74413243310426
999.9938100606179,439.42,534,2.699075794100584,522660.4591159522,959669.6075596713,430.6722183115446,336.45143601146657,96.69122293708932
999.9938100606179,439.42,536,2.6934932270355367,520714.3374224313,964738.9012536997,429.0686140360834,338.2286842742899,96.63825773156822
999.9938100606179,439.42,538,2.687902099720164,518780.2559669354,969777.7073523925,427.4749309167548,339.99524386347963,96.58523303242936
999.9938100606179,439.42,540,2.6823028390818155,516858.1843731719,974786.1222029752,425.89114392349364,341.7511485574969,96.53215219474367
999.9938100606179,439.42,542,2.676696602384288,514948.0551052289,979764.3994618519,424.3171974067086,343.4964872859698,96.47902739960625
999.9938100606179,439.42,544,2.6710846433965463,513049.7542787564,984712.8839213217,422.75299752569526,345.2313809299425,96.42587122443189
999.9938100606179,439.42,546,2.665468120150368,511163.1555232278,989632.0101043647,421.1984401511397,346.9559818292197,96.37269311116069
999.9938100606179,439.42,548,2.6598475297413957,509288.2180198074,994521.8734082783,419.6534916483213,348.67032342922624,96.31949686149392
999.9938100606179,439.42,550,2.654222959457276,507424.8536440772,999382.4740956989,418.1180794027196,350.37440582204005,96.26628047785812
999.9938100606179,439.42,552,2.648595713052571,505572.9037606078,1004214.3257551206,416.5920726987408,352.06840906711597,96.21305628128255
999.9938100606179,439.42,554,2.642966640682443,503732.24141563877,1009017.6527450575,415.0753669264863,353.75241182250846,96.15983105961834
999.9938100606179,439.42,556,2.637335261236854,501902.8649323448,1013792.107422985,413.56796070425213,355.42629220791025,96.10660374519728
999.9938100606179,439.42,558,2.631702521832428,500084.8052291745,1018538.4731351496,412.0698795088398,357.09032485739067,96.05337414096459
999.9938100606179,439.42,560,2.626069261495378,498277.82281145744,1023256.5910630396,410.58092599664093,358.74445409062406,96.00015678084384
999.9938100606179,439.42,562,2.6204375146424486,496481.7587511414,1027947.7138112155,409.1009692109405,360.3891190593765,95.94695845799174
999.9938100606179,439.42,564,2.6148052360075367,494696.8108810713,1032610.9281239652,407.63017216600275,362.0239995845017,95.89377276257653
999.9938100606179,439.42,566,2.609173821603295,492922.89114869415,1037246.471646461,406.16846230652396,363.6491789822357,95.84060314491751
999.9938100606179,439.42,568,2.603546349492093,491159.71578342555,1041856.0289365633,404.7156058055426,365.2652478432427,95.78747682161418
999.9938100606179,439.42,570,2.5979608453541956,489408.5983617071,1046460.3710675876,403.2726850500467,366.87948831691,95.73472206788591
999.9938100606179,439.42,572,2.592348404937688,487668.9917649476,1051023.5433214551,401.8392492143168,368.4792950060949,95.6817191944267
999.9938100606179,439.42,574,2.586681099924931,485941.376339285,1055535.5331035242,400.41569410357084,370.06115758618273,95.62818461875366
999.9938100606179,439.42,576,2.581010702164678,484226.68722597574,1060014.6905617425,399.002790274204,371.6315094521454,95.57465118094024
999.9938100606179,439.42,578,2.57532022587615,482521.2122239467,1064445.4395128621,397.59747887253206,373.184889735805,95.52102837609334
999.9938100606179,439.42,580,2.5696613261136516,480823.46671630105,1068863.665621482,396.19853657423204,374.73387962478205,95.46768063906302
999.9938100606179,439.42,582,2.564053966055501,479135.12131030107,1073284.0401104963,394.8073399596881,376.2836227163854,95.4148214915324
999.9938100606179,439.42,584,2.5584654418446453,477453.9968333063,1077685.3426430414,393.42209339064436,377.8266793535141,95.3620950864231
999.9938100606179,439.42,586,2.552879060993484,475784.99546665966,1082056.8955706607,392.04683626452754,379.3593060497349,95.3094182490874
999.9938100606179,439.42,588,2.5472996620588013,474125.730998291,1086404.1871837613,390.67960234259175,380.8834269497472,95.25679531869116
999.9938100606179,439.42,590,2.5417273614463407,472474.6000743274,1090729.4579285483,389.31907046124576,382.39982753361323,95.20423390750585
999.9938100606179,439.42,592,2.536167297311726,470832.80170829105,1095033.4279620834,387.9662286076318,383.90876028184886,95.1518001243785
999.9938100606179,439.42,594,2.530619821266514,469200.26497595775,1099314.3984497895,386.62101834018915,385.4096295985026,95.09948309094756
999.9938100606179,439.42,596,2.5250831000472234,467576.1524156268,1103574.1140675049,385.28274959047644,386.9030471510551,95.04727952616867
999.9938100606179,439.42,598,2.519556715212231,465960.7637129759,1107811.1587261653,383.9516692994921,388.38851647156014,94.995164684288
999.9938100606179,439.42,600,2.514040583122836,464354.51334597333,1112025.5789498691,382.628118997082,389.86605387094346,94.94315115973546
999.9938100606179,439.42,602,2.508526483500218,462759.4016630013,1116212.3942824025,381.31374697031305,391.33391324655474,94.89116514840174
999.9938100606179,439.42,604,2.503027310748958,461172.4629602265,1120378.9679595293,380.00610947922667,392.79467608188264,94.83931592786769
999.9938100606179,439.42,606,2.4975360448881343,459594.7905748642,1124521.7804625377,378.7061074336881,394.24710846567757,94.78754754966951
999.9938100606179,439.42,608,2.492043177707333,458028.3502226987,1128634.3045482957,377.41536058350374,395.68892200586413,94.73576382886768
999.9938100606179,439.42,610,2.4865512939924326,456472.94063815137,1132718.242288493,376.1337030858367,397.120713433296,94.68399026509678
999.9938100606179,439.42,612,2.4810695920113908,454927.1244125764,1136779.638101593,374.8599505159629,398.54460186611107,94.63231428538262
999.9938100606179,439.42,614,2.475597217174289,453391.25457305374,1140818.140595725,373.59439376819626,399.96046410951567,94.58073056224896
999.9938100606179,439.42,616,2.4701337169944004,451864.68159180874,1144832.9907701,372.3364976316504,401.3680340647362,94.52922705981882
999.9938100606179,439.42,618,2.464683675406007,450346.53765798564,1148827.6838744795,371.0855470301802,402.76853713454926,94.47785325652552
999.9938100606179,439.42,620,2.4592501586152062,448834.96186851367,1152802.7335573563,369.84000857965526,404.16215339944455,94.42661559847295
999.9938100606179,439.42,622,2.4538281202808756,447332.0946144297,1156756.0827875836,368.60164596229004,405.54816168301113,94.37548567241816
999.9938100606179,439.42,624,2.44841627680122,445838.7351785619,1160687.0683447206,367.37111778713495,406.92632946619466,94.32445347895936
999.9938100606179,439.42,626,2.4430177931223107,444354.1057890429,1164597.9334255352,366.14778317017135,408.2974431933795,94.27354674158835
999.9938100606179,439.42,628,2.4376252837197847,442878.63346984243,1168483.5287923198,364.93199397915015,409.65969758865884,94.22269355109563
999.9938100606179,439.42,630,2.432243224501777,441412.01016354637,1172346.707572117,363.7234963747622,411.01409293242403,94.17193469597885
999.9938100606179,439.42,632,2.426871853948977,439953.62264080264,1176187.9232821965,362.5217850560214,412.360788223705,94.12127443599633
999.9938100606179,439.42,634,2.4215138129092337,438503.71978062834,1180008.833062907,361.32706509923776,413.7003644408359,94.07073419811036
999.9938100606179,439.42,636,2.416168950976531,437062.0846599677,1183809.2515401014,360.1391577598134,415.03275659332684,94.02031078791629
999.9938100606179,439.42,638,2.4108364025589135,435628.79511192656,1187588.8005995594,358.9581271722275,416.35783211777124,93.97000013732105
999.9938100606179,439.42,640,2.40551265709267,434204.61324428645,1191345.2600051279,357.784601313292,417.6748126195672,93.91976870976742
999.9938100606179,439.42,642,2.400201015869224,432788.72335131705,1195080.9037928784,356.61790804148524,418.9844953550787,93.86964590772993
999.9938100606179,439.42,644,2.394911460203861,431378.9317839482,1198802.0715838603,355.4562397899733,420.28910293778534,93.81971754077148
999.9938100606179,439.42,646,2.389640475328732,429975.5429367047,1202507.0412440307,354.29984737984466,421.58803160315495,93.76995815383344
999.9938100606179,439.42,648,2.384379547349352,428580.79998032196,1206190.4215149821,353.1505791837853,422.87939122502445,93.72029384525183
999.9938100606179,439.42,650,2.379124858982774,427195.8332855087,1209849.0959379415,352.0093666272591,424.1620892012929,93.67068170184194
999.9938100606179,439.42,652,2.37388735510289,425817.8740877189,1213489.9893697114,350.8739282482804,425.43855332377217,93.62122166787316
999.9938100606179,439.42,654,2.3686642946801646,424447.33738751675,1217111.9574493382,349.7446060073138,426.7083823899202,93.57189773550647
999.9938100606179,439.42,656,2.3634535584227576,423084.90072808036,1220713.9082714543,348.6219581999382,427.97119358764616,93.52268572932655
999.9938100606179,439.42,658,2.358254834143248,421730.59968732065,1224295.6064033567,347.5060141423522,429.22690437638573,93.4735828490663
999.9938100606179,439.42,660,2.3530683623082127,420383.56704571744,1227857.1910150952,346.39605924567115,430.4755635478926,93.42459023372476
999.9938100606179,439.42,662,2.3478949461907197,419044.8724167629,1231399.4244587317,345.29297487141264,431.7174383758658,93.3757102467647
999.9938100606179,439.42,664,2.3427353966974476,417714.2977458738,1234922.8360612623,344.1965813426,432.95271443753603,93.32695445231025
999.9938100606179,439.42,666,2.337590044682634,416390.8877280652,1238427.785947596,343.1060914879257,434.1815179894208,93.27832700561174
999.9938100606179,439.42,668,2.3324644517242583,415073.681518376,1241917.753173114,342.0207135711418,435.4050687566941,93.22986849702397
999.9938100606179,439.42,670,2.327363017415032,413761.609780603,1245396.974556207,340.93956645921685,436.6248521293489,93.18163499146505
999.9938100606179,439.42,672,2.3222691230710266,412457.68031502736,1248853.287229758,339.8651285795825,437.83660391679786,93.13346769988851
999.9938100606179,439.42,674,2.317182940962158,411162.88638740685,1252284.9706516117,338.79821838322323,439.03972091261,93.08534241852999
999.9938100606179,439.42,676,2.3121081381505366,409875.5415311773,1255697.794484833,337.7374462216901,440.2362259081796,93.03733318143338
999.9938100606179,439.42,678,2.3070536751820736,408594.7733842607,1259095.699436861,336.6820932686308,441.42750047969326,92.98948944430123
999.9938100606179,439.42,680,2.302016861490444,407320.2407709613,1262478.9773122696,335.63187839527205,442.6136469311805,92.94181297748258
999.9938100606179,439.42,682,2.2969971247395047,406051.5709179768,1265847.707831764,334.58649443641286,443.7946932119954,92.89430127753849
999.9938100606179,439.42,684,2.291985371213185,404790.7234572686,1269196.5593846224,333.5475561287893,444.96877010791127,92.84688649754014
999.9938100606179,439.42,686,2.286983536280003,403537.90148470976,1272524.9445390946,332.5152308234008,446.1356716706992,92.79956103191756
999.9938100606179,439.42,688,2.2819944395741056,402293.5850077887,1275832.0642903699,331.4899140464179,447.2951177765396,92.75231437783145
999.9938100606179,439.42,690,2.277030254894394,401055.3459794545,1279126.1606593833,330.46960508707053,448.4499980030094,92.70525008802372
999.9938100606179,439.42,692,2.2721198884230627,399824.37011348567,1282433.0288838032,329.4552809735122,449.609355925822,92.65868566835451
999.9938100606179,439.42,694,2.267191550021603,398598.27156789874,1285697.8440716364,328.4449757719486,450.75397043648866,92.61193646130698
999.9938100606179,439.42,696,2.2622937446344626,397379.0344266822,1288960.225507479,327.44032436758613,451.8977316958428,92.56549342214907
999.9938100606179,439.42,698,2.257385681759603,396165.2299082693,1292188.7329249776,326.4401494444139,453.029617032457,92.51896641020733
999.9938100606179,439.42,700,2.2524931543250073,394958.73487095773,1295399.3268372447,325.4459975336692,454.1552220570641,92.47255407665273
999.9938100606179,439.42,702,2.2476156175135573,393757.6152933196,1298597.104230459,324.45627500169536,455.27633372666037,92.42631882763078
999.9938100606179,439.42,704,2.2427471576413085,392563.5442644154,1301776.2085614451,323.47236047387827,456.3908987904748,92.38018491344928
999.9938100606179,439.42,706,2.237873265901113,391376.9105362941,1304921.291581589,322.49457428190635,457.4935362921391,92.33397633046673
999.9938100606179,439.42,708,2.2330101065108003,390196.505407386,1308044.6006284016,321.52192045568603,458.58854003679227,92.28782823654251
999.9938100606179,439.42,710,2.228155204520373,389021.9635970688,1311145.8644518063,320.5540980039847,459.67581492662464,92.241725762577
999.9938100606179,439.42,712,2.223354866418186,387854.4193523737,1314259.6712479035,319.5920415463559,460.767487268602,92.19609660862204
999.9938100606179,439.42,714,2.2185718195367614,386692.4926843257,1317360.7878990322,318.6346139718844,461.85471056117296,92.15063670993038
999.9938100606179,439.42,716,2.2137996306056733,385537.10239936167,1320445.4308830772,317.682572377074,462.9361583358959,92.10529594577156
999.9938100606179,439.42,718,2.209043042436142,384387.6118403564,1323514.9439066895,316.73539215645366,464.0123016841014,92.06009048647599
999.9938100606179,439.42,720,2.204302041635818,383244.193002356,1326569.1823961243,315.7932150339413,465.0830899195493,92.01501690865126
999.9938100606179,439.42,722,2.1995754225621034,382106.88429912936,1329608.2282030676,314.8560726624826,466.14855173869637,91.97007506074021
999.9938100606179,439.42,724,2.1948639205397646,380975.4880457527,1332632.5973777743,313.9238021497002,467.2088680640684,91.92526892814146
999.9938100606179,439.42,726,2.1901670582447013,379849.9779786574,1335642.2638563986,312.9963818544137,468.2640297579181,91.88059708875869
999.9938100606179,439.42,728,2.185485228937569,378730.4208257488,1338636.5476499218,312.073866760417,469.3137984222801,91.83604996699137
999.9938100606179,439.42,730,2.1808186261893394,377616.4758492014,1341616.1982268302,311.1559760997419,470.35843681398916,91.79163600361164
999.9938100606179,439.42,732,2.176166756580974,376508.8837925037,1344579.595887695,310.243320245023,471.39737708115706,91.74733559696358
999.9938100606179,439.42,734,2.171531301454081,375406.92161681846,1347529.1757518891,309.3353034122584,472.4314729544881,91.70317540569778
999.9938100606179,439.42,736,2.1669101952178607,374310.7169097963,1350464.715365165,308.43203073367215,473.4606464435462,91.65915200745644
999.9938100606179,439.42,738,2.162305917668737,373220.21317584673,1353386.067847774,307.5334556568977,474.48484605362745,91.6152659292286
999.9938100606179,439.42,740,2.1577147993735553,372135.5684167179,1356292.5353726412,306.63970837537556,475.5038271329063,91.57150094286601
999.9938100606179,439.42,742,2.153138693461527,371056.44991004956,1359185.3088886945,305.7505147258808,476.51800721724493,91.52787232446417
999.9938100606179,439.42,744,2.1485781253314484,369982.95011168165,1362063.9870676356,304.8659508920257,477.5272456045921,91.48437476571996
999.9938100606179,439.42,746,2.1440332314111146,368915.07766831794,1364928.9476012352,303.98602399869395,478.53167471024744,91.44101121511949
999.9938100606179,439.42,748,2.1395041700844257,367852.56550959195,1367780.4681006076,303.11051397990377,479.53139186214264,91.3977832008465
999.9938100606179,439.42,750,2.1349900929178993,366795.3913152318,1370617.7916579815,302.239402443751,480.5261316952974,91.3546764577087
999.9938100606179,439.42,752,2.1304897160832987,365744.0846774189,1373441.4074089797,301.37312577419317,481.5160656962123,91.3117067346866
999.9938100606179,439.42,754,2.126005239546464,364697.90224700724,1376252.4743157967,300.51107145153395,482.50160018649166,91.268879938944
999.9938100606179,439.42,756,2.1215342144296194,363657.2698645237,1379049.5666543655,299.65359036836753,483.4822353202448,91.2261760407547
999.9938100606179,439.42,758,2.1170794902189938,362621.96794064913,1381833.5332224907,298.8005015830949,484.45826867826213,91.18360657200719
999.9938100606179,439.42,760,2.112639050825128,361591.98421136476,1384604.2202213535,297.95179499016456,485.42964634007654,91.14116853427885
999.9938100606179,439.42,762,2.1082151582141386,360567.2208444419,1387362.173049454,297.1073899758201,486.39655951744174,91.09886559154472
999.9938100606179,439.42,764,2.1038063356158236,359547.7627681942,1390107.4377718766,296.267356520992,487.35902436035724,91.05669664688565
999.9938100606179,439.42,766,2.09941214252144,358533.4434206679,1392838.9155185702,295.4315573786303,488.31665561497766,91.01464848097567
999.9938100606179,439.42,768,2.095032617906326,357524.2512816232,1395557.5259712744,294.5999830560575,489.26977571335607,90.97273027661686
999.9938100606179,439.42,770,2.090668480698663,356520.14869518694,1398263.3910924285,293.77260252483404,490.21842741441463,90.93094036352261
999.9938100606179,439.42,772,2.086319098204135,355520.9101306455,1400955.9610788738,292.9492299476519,491.16241796216633,90.8892724168
999.9938100606179,439.42,774,2.0819813658158517,354527.10469005175,1403636.1841420145,292.13033426460265,492.1020797909053,90.8477351580708
999.9938100606179,439.42,776,2.077659736686366,353538.1858613315,1406304.174229258,291.3154651497372,493.0374528495562,90.8063306489247
999.9938100606179,439.42,778,2.073352264980476,352554.306011746,1408959.5573582698,290.5047481536787,493.9684060233141,90.76505271118117
999.9938100606179,439.42,780,2.0690611781986474,351575.35023207683,1411602.7955163233,289.6980885912313,494.89510128071504,90.7239046490061
999.9938100606179,439.42,782,2.064784545092852,350601.22451586276,1414234.0157983024,288.8954090010709,495.8175831800695,90.68288519123604
999.9938100606179,439.42,784,2.0605221308906767,349631.95987607917,1416853.030267849,288.0967349378892,496.73578583259956,90.6419927418998
999.9938100606179,439.42,786,2.056274881027088,348667.60337315,1419459.7415760632,287.3021051794756,497.6496751086663,90.6012280833749
999.9938100606179,439.42,788,2.0520418341155673,347708.0654689714,1422054.401241784,286.5114459464324,498.5593391884872,90.56059073906448
999.9938100606179,439.42,790,2.0478245226606258,346753.2988254409,1424637.1563841747,285.7247182321633,499.46482965070265,90.52008110152792
999.9938100606179,439.42,792,2.043621264288932,345803.2409157923,1427207.9902656048,284.94187051461284,500.36614062725175,90.47969675270946
999.9938100606179,439.42,794,2.039434252781987,344857.87015022634,1429767.5869230325,284.16288500378647,501.2635119352705,90.43944416669103
999.9938100606179,439.42,796,2.035259052792936,343917.3561184716,1432314.683589882,283.38790144162056,502.1565008602827,90.39930785272014
999.9938100606179,439.42,798,2.0310980778207126,342981.39947859984,1434850.6430506203,282.61667317036625,503.04558518212747,90.35930268484816
999.9938100606179,439.42,800,2.0269497234193783,342050.1523227807,1437374.831230711,281.8493255139713,503.93054260003953,90.31942056803939
